worldsleadingcruiseline.com,184.28.218.115,184.28.218.114,184.25.56.114,184.25.56.146,184.25.56.74,184.25.56.43,72.246.231.56,72.246.231.35
worldsleadingcruiseline.net,184.28.218.115,184.28.218.114,104.104.244.96,104.104.244.17,72.246.231.56,72.246.231.35
worldsleadingcruiselines.com,184.28.218.115,184.28.218.114,184.25.56.114,184.25.56.146,184.51.15.69,184.51.15.93
worldsleadingcruiselines.net,184.28.218.115,184.28.218.114,184.25.56.114,184.25.56.146,184.26.136.67,184.26.136.114,72.246.231.56,72.246.231.35,23.219.38.11,23.219.38.67
tdamusa.com,184.25.56.114,184.25.56.115,104.104.244.24,104.104.244.75,23.215.104.51,23.215.104.43,184.50.238.232,184.50.238.234,72.247.9.139,72.247.9.145,72.247.8.147,72.247.8.122
radiosvobodakrim.mobi,23.215.104.51,23.215.104.43,184.50.238.232,184.50.238.234
worldsleadingcruise.net,184.28.218.115,184.28.218.114,184.26.136.67,184.51.15.69,184.51.15.93,184.26.136.114,72.246.231.56,72.246.231.35,23.219.38.11,23.219.38.67,23.15.7.137,72.247.9.162,72.247.9.112,23.15.7.91,72.247.8.152,72.247.8.122
worldsleadingcruise.com,184.28.218.115,184.28.218.114,184.25.56.114,184.25.56.146,72.246.231.56,72.246.231.35,23.15.7.137,72.247.9.162,72.247.9.112,23.15.7.91,72.247.8.152,72.247.8.122
worldleading.com,184.25.56.114,184.25.56.146,184.26.136.67,72.247.9.162,72.247.9.112,72.247.8.152,72.247.8.122
azattykplus.kg,184.51.15.69,184.51.15.95,104.104.244.24,104.104.244.75,184.50.238.232,184.50.238.234,96.16.98.9,118.214.160.201
worldleadingcruiselines.com,184.28.218.115,184.28.218.114,72.246.231.56,72.246.231.35
hausamobile.org,184.51.15.69,184.51.15.95,104.104.244.24,104.104.244.75,23.215.104.51,23.215.104.43,96.16.98.9,23.219.38.32,23.219.38.58,72.247.9.139,72.247.9.145,72.247.8.147,72.247.8.122,118.214.160.201
23searchengines.com,184.51.150.242,184.51.150.169,184.26.136.67,184.26.136.59,184.51.15.93,184.51.15.92,23.67.56.51,23.67.56.65
comebacktothesea.com,184.25.56.116,184.25.56.114,184.26.136.58,184.26.136.90,184.51.15.69,184.51.15.86,95.101.128.152,95.101.128.145,23.15.7.113,23.15.7.91
worldcruiseline.com,23.219.38.11,23.219.38.67,23.15.7.137,72.247.9.162,72.247.9.112,23.15.7.91,72.247.8.152,72.247.8.122
globalnewsdashboard.com,184.25.56.114,184.25.56.115,184.51.15.69,184.51.15.95,96.16.98.9,118.214.160.201
krymr.net,184.51.15.95,184.50.238.232,184.50.238.234,72.247.8.147,72.247.8.122
worldleadingcruiseline.com,184.28.218.115,184.28.218.114,184.25.56.114,184.25.56.146,184.26.136.67,184.26.136.114,72.247.9.162,72.247.9.112
krymr.us,184.51.15.69,184.51.15.95,96.16.98.9,23.219.38.32,23.219.38.58,118.214.160.201
krymr.eu,184.25.56.114,184.25.56.115,96.16.98.9,72.247.9.139,72.247.9.145,118.214.160.201
worldleadingcruises.com,184.25.56.114,184.25.56.146,184.26.136.67,184.26.136.114,72.246.231.56,72.246.231.35,72.247.8.152,72.247.8.122
wlcl.com,184.28.218.115,184.28.218.114,184.25.56.146,184.26.136.67,184.26.136.114,72.246.231.35,23.15.7.137,72.247.9.162,72.247.9.112,23.15.7.91
persagg.com,184.50.239.26,23.62.6.25,23.62.6.24,184.51.15.69,184.51.15.95,104.104.244.24,104.104.244.75,23.215.104.51,23.215.104.43,184.50.238.232,72.247.9.139,72.247.9.145
scotiabank.cr,184.25.56.114,184.25.56.115,104.104.244.24,104.104.244.75,173.223.52.8,72.247.9.139,72.247.9.145,173.223.52.33
bbgdirect.com,184.51.15.69,184.51.15.95,184.50.238.232,184.50.238.234,96.16.98.9,72.247.9.139,72.247.9.145,72.247.8.147,72.247.8.122,118.214.160.201
dandalinvoa.ng,23.62.6.25,23.62.6.24,184.51.15.69,184.51.15.95
worldleadingcruise.com,184.28.218.115,184.28.218.114,184.51.15.69,184.51.15.93,104.104.244.96,104.104.244.17,23.15.7.137,72.247.9.112,23.15.7.91,72.247.8.152,72.247.8.122
sdfightthebite.org,23.54.147.218,184.25.56.114,184.25.56.146,107.14.44.17,23.54.147.218
worldcruisesline.com,184.25.56.114,184.25.56.146,184.26.136.67,184.26.136.114,72.246.231.56,72.246.231.35,23.219.38.11,23.219.38.67,23.15.7.137,72.247.9.162,72.247.9.112,23.15.7.91
voanoticias.mobi,184.25.56.114,184.51.15.69,72.247.8.122
